-- phpMyAdmin SQL Dump
-- version 4.8.3
-- https://www.phpmyadmin.net/
--
-- Host: 127.0.0.1
-- Generation Time: Dec 06, 2018 at 04:31 AM
-- Server version: 10.1.36-MariaDB
-- PHP Version: 7.2.11

SET SQL_MODE = "NO_AUTO_VALUE_ON_ZERO";
SET AUTOCOMMIT = 0;
START TRANSACTION;
SET time_zone = "+00:00";


/*!40101 SET @OLD_CHARACTER_SET_CLIENT=@@CHARACTER_SET_CLIENT */;
/*!40101 SET @OLD_CHARACTER_SET_RESULTS=@@CHARACTER_SET_RESULTS */;
/*!40101 SET @OLD_COLLATION_CONNECTION=@@COLLATION_CONNECTION */;
/*!40101 SET NAMES utf8mb4 */;

--
-- Database: `tubes`
--

-- --------------------------------------------------------

--
-- Table structure for table `detail_peminjaman`
--

CREATE TABLE `detail_peminjaman` (
  `id_peminjaman` int(10) NOT NULL,
  `tanggal_peminjaman` date NOT NULL,
  `waktu_mulai` time NOT NULL,
  `waktu_akhir` varchar(100) NOT NULL,
  `tanggal_pengajuan` varchar(10) NOT NULL,
  `waktu_pengajuan` varchar(10) NOT NULL,
  `id_peminjam` varchar(10) NOT NULL,
  `id_admin` varchar(10) NOT NULL,
  `id_ruangan` varchar(10) NOT NULL,
  `keperluan` varchar(10000) NOT NULL,
  `status` varchar(10) NOT NULL
) ENGINE=InnoDB DEFAULT CHARSET=latin1;

--
-- Dumping data for table `detail_peminjaman`
--

INSERT INTO `detail_peminjaman` (`id_peminjaman`, `tanggal_peminjaman`, `waktu_mulai`, `waktu_akhir`, `tanggal_pengajuan`, `waktu_pengajuan`, `id_peminjam`, `id_admin`, `id_ruangan`, `keperluan`, `status`) VALUES
(65, '2018-12-08', '08:00:00', '9:00', '2018-12-03', '19:45:37', '6706174073', '2', '01', '', 'belum'),
(66, '2018-12-08', '08:00:00', '9:00', '2018-12-03', '20:05:58', '6706174073', '2', '01', '', 'diterima'),
(67, '2018-12-08', '08:00:00', '9:00', '2018-12-03', '20:58:43', '6706174073', '2', '01', '', 'belum'),
(68, '2018-12-08', '08:00:00', '9:00', '2018-12-03', '20:58:50', '6706174073', '2', '01', '', 'belum'),
(69, '2018-12-08', '08:00:00', '9:00', '2018-12-03', '20:59:54', '6706174073', '2', '02', '', 'belum'),
(70, '2018-12-08', '08:00:00', '9:00', '2018-12-03', '20:59:57', '6706174073', '2', '02', '', 'belum'),
(71, '2018-12-29', '08:00:00', '9:00', '2018-12-03', '21:02:59', '6706174073', '2', '01', '', 'belum'),
(72, '2018-12-29', '08:00:00', '9:00', '2018-12-03', '21:03:02', '6706174073', '2', '01', '', 'belum'),
(73, '2018-12-29', '08:00:00', '9:00', '2018-12-03', '21:03:03', '6706174073', '2', '01', '', 'belum'),
(74, '2018-12-29', '08:00:00', '9:00', '2018-12-03', '21:03:04', '6706174073', '2', '01', '', 'belum'),
(75, '2018-12-29', '08:00:00', '9:00', '2018-12-03', '21:03:05', '6706174073', '2', '01', '', 'belum'),
(76, '2018-12-29', '08:00:00', '9:00', '2018-12-03', '21:03:05', '6706174073', '2', '01', '', 'belum'),
(77, '2018-12-29', '08:00:00', '9:00', '2018-12-03', '21:03:06', '6706174073', '2', '01', '', 'belum'),
(78, '2018-12-29', '08:00:00', '9:00', '2018-12-03', '21:04:10', '6706174073', '2', '02', 'kjhakgf,kagkj', 'belum'),
(79, '2018-12-29', '08:00:00', '9:00', '2018-12-03', '21:04:12', '6706174073', '2', '02', 'kjhakgf,kagkj', 'belum'),
(80, '2018-12-29', '08:00:00', '9:00', '2018-12-03', '21:04:15', '6706174073', '2', '02', 'kjhakgf,kagkj', 'belum'),
(81, '2018-12-29', '08:00:00', '9:00', '2018-12-03', '21:04:16', '6706174073', '2', '02', 'kjhakgf,kagkj', 'belum'),
(82, '2018-12-29', '08:00:00', '9:00', '2018-12-03', '21:04:19', '6706174073', '2', '02', 'kjhakgf,kagkj', 'belum'),
(83, '2018-12-29', '08:00:00', '9:00', '2018-12-03', '21:04:20', '6706174073', '2', '02', 'kjhakgf,kagkj', 'belum'),
(84, '2018-12-29', '08:00:00', '9:00', '2018-12-03', '21:04:21', '6706174073', '2', '02', 'kjhakgf,kagkj', 'belum'),
(85, '2018-12-29', '08:00:00', '9:00', '2018-12-03', '21:05:08', '6706174073', '2', '01', '', 'belum'),
(86, '2018-12-29', '08:00:00', '9:00', '2018-12-03', '21:05:09', '6706174073', '2', '01', '', 'belum'),
(87, '2018-12-29', '08:00:00', '9:00', '2018-12-03', '21:05:13', '6706174073', '2', '01', '', 'belum'),
(88, '2018-12-29', '08:00:00', '9:00', '2018-12-03', '21:05:15', '6706174073', '2', '01', '', 'belum'),
(89, '2018-12-29', '08:00:00', '9:00', '2018-12-03', '21:05:15', '6706174073', '2', '01', '', 'belum'),
(90, '2018-12-29', '08:00:00', '9:00', '2018-12-03', '21:05:16', '6706174073', '2', '01', '', 'belum'),
(91, '2018-12-29', '08:00:00', '9:00', '2018-12-03', '21:05:16', '6706174073', '2', '01', '', 'belum'),
(92, '2018-12-08', '10:00:00', '11:00', '2018-12-03', '21:22:29', '6706174073', '2', '01', '', 'belum'),
(93, '2018-12-08', '10:00:00', '11:00', '2018-12-03', '21:22:31', '6706174073', '2', '01', '', 'belum'),
(94, '2018-12-08', '13:00:00', '14:00', '2018-12-03', '21:23:09', '6706174073', '2', '01', '', 'belum'),
(95, '2018-12-08', '13:00:00', '14:00', '2018-12-03', '21:23:09', '6706174073', '2', '01', '', 'belum'),
(96, '2018-12-08', '19:00:00', '20:00', '2018-12-03', '21:26:35', '6706174073', '2', '01', '', 'belum'),
(97, '2018-12-08', '19:00:00', '20:00', '2018-12-03', '21:26:37', '6706174073', '2', '01', '', 'belum'),
(98, '2018-12-08', '18:00:00', '19:00', '2018-12-03', '21:27:44', '6706174073', '2', '01', 'ghhhhaha', 'belum'),
(99, '2018-12-08', '18:00:00', '19:00', '2018-12-03', '21:27:45', '6706174073', '2', '01', 'ghhhhaha', 'belum'),
(100, '2018-12-08', '20:00:00', '21:00', '2018-12-03', '21:28:10', '6706174073', '2', '01', 'asdasdsa', 'belum'),
(101, '2018-12-08', '20:00:00', '21:00', '2018-12-03', '21:28:11', '6706174073', '2', '01', 'asdasdsa', 'belum'),
(102, '2018-12-08', '15:00:00', '16:00', '2018-12-03', '21:29:31', '6706174073', '2', '01', 'jjjj', 'belum'),
(103, '2018-12-08', '15:00:00', '16:00', '2018-12-03', '21:29:31', '6706174073', '2', '01', 'jjjj', 'belum'),
(104, '2018-12-08', '16:00:00', '17:00', '2018-12-03', '21:30:20', '6706174073', '2', '01', 'lkjhakughsdfkahds', 'belum'),
(105, '2018-12-08', '16:00:00', '17:00', '2018-12-03', '21:30:20', '6706174073', '2', '01', 'lkjhakughsdfkahds', 'belum'),
(106, '2018-12-08', '12:00:00', '13:00', '2018-12-03', '22:15:57', '6706174073', '2', '01', '', 'belum'),
(107, '2018-12-08', '17:00:00', '18:00', '2018-12-03', '22:17:04', '6706174073', '2', '01', '', 'belum'),
(108, '2018-12-08', '08:00:00', '9:00', '2018-12-03', '22:17:39', '6706174073', '2', '01', '', 'belum'),
(109, '2018-12-08', '08:00:00', '9:00', '2018-12-03', '22:18:28', '6706174073', '2', '01', 'asd', 'belum'),
(110, '2018-12-08', '08:00:00', '9:00', '2018-12-03', '22:19:28', '6706174073', '2', '01', '', 'belum'),
(111, '2018-12-08', '08:00:00', '9:00', '2018-12-03', '22:20:29', '6706174073', '2', '01', '', 'belum'),
(112, '2018-12-08', '08:00:00', '9:00', '2018-12-03', '22:22:45', '6706174073', '2', '01', '', 'belum'),
(113, '2018-12-08', '08:00:00', '9:00', '2018-12-03', '22:25:11', '6706174073', '6706174073', '01', '', 'belum'),
(114, '2018-12-08', '08:00:00', '9:00', '2018-12-03', '22:26:04', '6706174073', '6706174073', '01', '', 'belum'),
(115, '2018-12-08', '13:00:00', '14:00', '2018-12-03', '23:46:07', '6706174073', '6706174073', '02', '', 'belum'),
(116, '2018-12-08', '08:00:00', '9:00', '2018-12-03', '23:49:42', '6706174073', '6706174073', '02', 'lkhkj', 'belum'),
(117, '2018-12-08', '12:00:00', '13:00', '2018-12-04', '00:06:06', '6706174073', '6706174073', '02', '', 'belum'),
(119, '2018-12-08', '09:00:00', '10:00', '2018-12-04', '07:41:59', '9', '9', '01', 'asdasdsad', 'belum'),
(120, '2018-12-08', '08:00:00', '9:00', '2018-12-04', '10:31:49', 'awe', 'awe', '01', '', 'diterima'),
(121, '2018-12-08', '08:00:00', '9:00', '2018-12-04', '10:38:28', '9', '9', '01', 'jjjj', 'ditolak');

-- --------------------------------------------------------

--
-- Table structure for table `detail_ruangan`
--

CREATE TABLE `detail_ruangan` (
  `id_detail` int(11) NOT NULL,
  `id_ruangan` varchar(10) NOT NULL,
  `jam_8` varchar(10) NOT NULL,
  `jam_9` varchar(10) NOT NULL,
  `jam_10` varchar(10) NOT NULL,
  `jam_11` varchar(10) NOT NULL,
  `jam_12` varchar(10) NOT NULL,
  `jam_13` varchar(10) NOT NULL,
  `jam_14` varchar(10) NOT NULL,
  `jam_15` varchar(10) NOT NULL,
  `jam_16` varchar(10) NOT NULL,
  `jam_17` varchar(10) NOT NULL,
  `jam_18` varchar(10) NOT NULL,
  `jam_19` varchar(10) NOT NULL,
  `jam_20` varchar(10) NOT NULL,
  `tanggal` varchar(100) NOT NULL
) ENGINE=InnoDB DEFAULT CHARSET=latin1;

--
-- Dumping data for table `detail_ruangan`
--

INSERT INTO `detail_ruangan` (`id_detail`, `id_ruangan`, `jam_8`, `jam_9`, `jam_10`, `jam_11`, `jam_12`, `jam_13`, `jam_14`, `jam_15`, `jam_16`, `jam_17`, `jam_18`, `jam_19`, `jam_20`, `tanggal`) VALUES
(52, '01', 'isi', 'isi', '-', '-', '-', '-', '-', '-', '-', '-', '-', '-', '-', '2018-12-08'),
(53, '02 ', 'isi', '-', '-', '-', '-', '-', '-', '-', '-', '-', '-', '-', '-', '2018-12-08'),
(54, '03 ', '-', '-', '-', '-', '-', '-', '-', '-', '-', '-', '-', '-', '-', '2018-12-08'),
(55, '04 ', '-', '-', '-', '-', '-', '-', '-', '-', '-', '-', '-', '-', '-', '2018-12-08'),
(56, '05 ', '-', '-', '-', '-', '-', '-', '-', '-', '-', '-', '-', '-', '-', '2018-12-08'),
(57, '06 ', '-', '-', '-', '-', '-', '-', '-', '-', '-', '-', '-', '-', '-', '2018-12-08'),
(58, '07 ', '-', '-', '-', '-', '-', '-', '-', '-', '-', '-', '-', '-', '-', '2018-12-08'),
(59, '01 ', 'isi', 'isi', '-', '-', '-', '-', '-', '-', '-', '-', '-', '-', '-', '2018-12-08'),
(60, '02 ', 'isi', '-', '-', '-', '-', '-', '-', '-', '-', '-', '-', '-', '-', '2018-12-08'),
(61, '03 ', '-', '-', '-', '-', '-', '-', '-', '-', '-', '-', '-', '-', '-', '2018-12-08'),
(62, '04 ', '-', '-', '-', '-', '-', '-', '-', '-', '-', '-', '-', '-', '-', '2018-12-08'),
(63, '05 ', '-', '-', '-', '-', '-', '-', '-', '-', '-', '-', '-', '-', '-', '2018-12-08'),
(64, '06 ', '-', '-', '-', '-', '-', '-', '-', '-', '-', '-', '-', '-', '-', '2018-12-08'),
(65, '07 ', '-', '-', '-', '-', '-', '-', '-', '-', '-', '-', '-', '-', '-', '2018-12-08'),
(66, '01 ', '-', '-', '-', '-', '-', '-', '-', '-', '-', '-', '-', '-', '-', '2018-12-09'),
(67, '02 ', '-', '-', '-', '-', '-', '-', '-', '-', '-', '-', '-', '-', '-', '2018-12-09'),
(68, '03 ', '-', '-', '-', '-', '-', '-', '-', '-', '-', '-', '-', '-', '-', '2018-12-09'),
(69, '04 ', '-', '-', '-', '-', '-', '-', '-', '-', '-', '-', '-', '-', '-', '2018-12-09'),
(70, '05 ', '-', '-', '-', '-', '-', '-', '-', '-', '-', '-', '-', '-', '-', '2018-12-09'),
(71, '06 ', '-', '-', '-', '-', '-', '-', '-', '-', '-', '-', '-', '-', '-', '2018-12-09'),
(72, '07 ', '-', '-', '-', '-', '-', '-', '-', '-', '-', '-', '-', '-', '-', '2018-12-09'),
(73, '01 ', '-', '-', '-', '-', '-', '-', '-', '-', '-', '-', '-', '-', '-', '2018-12-10'),
(74, '02 ', '-', '-', '-', '-', '-', '-', '-', '-', '-', '-', '-', '-', '-', '2018-12-10'),
(75, '03 ', '-', '-', '-', '-', '-', '-', '-', '-', '-', '-', '-', '-', '-', '2018-12-10'),
(76, '04 ', '-', '-', '-', '-', '-', '-', '-', '-', '-', '-', '-', '-', '-', '2018-12-10'),
(77, '05 ', '-', '-', '-', '-', '-', '-', '-', '-', '-', '-', '-', '-', '-', '2018-12-10'),
(78, '06 ', '-', '-', '-', '-', '-', '-', '-', '-', '-', '-', '-', '-', '-', '2018-12-10'),
(79, '07 ', '-', '-', '-', '-', '-', '-', '-', '-', '-', '-', '-', '-', '-', '2018-12-10'),
(80, '01 ', '-', '-', '-', '-', '-', '-', '-', '-', '-', '-', '-', '-', '-', '2018-12-28'),
(81, '02 ', '-', '-', '-', '-', '-', '-', '-', '-', '-', '-', '-', '-', '-', '2018-12-28'),
(82, '03 ', '-', '-', '-', '-', '-', '-', '-', '-', '-', '-', '-', '-', '-', '2018-12-28'),
(83, '04 ', '-', '-', '-', '-', '-', '-', '-', '-', '-', '-', '-', '-', '-', '2018-12-28'),
(84, '05 ', '-', '-', '-', '-', '-', '-', '-', '-', '-', '-', '-', '-', '-', '2018-12-28'),
(85, '06 ', '-', '-', '-', '-', '-', '-', '-', '-', '-', '-', '-', '-', '-', '2018-12-28'),
(86, '07 ', '-', '-', '-', '-', '-', '-', '-', '-', '-', '-', '-', '-', '-', '2018-12-28'),
(87, '01 ', '-', '-', '-', '-', '-', '-', '-', '-', '-', '-', '-', '-', '-', '2018-12-07'),
(88, '02 ', '-', '-', '-', '-', '-', '-', '-', '-', '-', '-', '-', '-', '-', '2018-12-07'),
(89, '03 ', '-', '-', '-', '-', '-', '-', '-', '-', '-', '-', '-', '-', '-', '2018-12-07'),
(90, '04 ', '-', '-', '-', '-', '-', '-', '-', '-', '-', '-', '-', '-', '-', '2018-12-07'),
(91, '05 ', '-', '-', '-', '-', '-', '-', '-', '-', '-', '-', '-', '-', '-', '2018-12-07'),
(92, '06 ', '-', '-', '-', '-', '-', '-', '-', '-', '-', '-', '-', '-', '-', '2018-12-07'),
(93, '07 ', '-', '-', '-', '-', '-', '-', '-', '-', '-', '-', '-', '-', '-', '2018-12-07'),
(94, '01 ', '-', '-', '-', '-', '-', '-', '-', '-', '-', '-', '-', '-', '-', ''),
(95, '02 ', '-', '-', '-', '-', '-', '-', '-', '-', '-', '-', '-', '-', '-', ''),
(96, '03 ', '-', '-', '-', '-', '-', '-', '-', '-', '-', '-', '-', '-', '-', ''),
(97, '04 ', '-', '-', '-', '-', '-', '-', '-', '-', '-', '-', '-', '-', '-', ''),
(98, '05 ', '-', '-', '-', '-', '-', '-', '-', '-', '-', '-', '-', '-', '-', ''),
(99, '06 ', '-', '-', '-', '-', '-', '-', '-', '-', '-', '-', '-', '-', '-', ''),
(100, '07 ', '-', '-', '-', '-', '-', '-', '-', '-', '-', '-', '-', '-', '-', ''),
(101, '01 ', '-', '-', '-', '-', '-', '-', '-', '-', '-', '-', '-', '-', '-', '2018-12-05'),
(102, '02 ', '-', '-', '-', '-', '-', '-', '-', '-', '-', '-', '-', '-', '-', '2018-12-05'),
(103, '03 ', '-', '-', '-', '-', '-', '-', '-', '-', '-', '-', '-', '-', '-', '2018-12-05'),
(104, '04 ', '-', '-', '-', '-', '-', '-', '-', '-', '-', '-', '-', '-', '-', '2018-12-05'),
(105, '05 ', '-', '-', '-', '-', '-', '-', '-', '-', '-', '-', '-', '-', '-', '2018-12-05'),
(106, '06 ', '-', '-', '-', '-', '-', '-', '-', '-', '-', '-', '-', '-', '-', '2018-12-05'),
(107, '07 ', '-', '-', '-', '-', '-', '-', '-', '-', '-', '-', '-', '-', '-', '2018-12-05'),
(108, '01 ', '-', '-', '-', '-', '-', '-', '-', '-', '-', '-', '-', '-', '-', '2018-12-23'),
(109, '02 ', '-', '-', '-', '-', '-', '-', '-', '-', '-', '-', '-', '-', '-', '2018-12-23'),
(110, '03 ', '-', '-', '-', '-', '-', '-', '-', '-', '-', '-', '-', '-', '-', '2018-12-23'),
(111, '04 ', '-', '-', '-', '-', '-', '-', '-', '-', '-', '-', '-', '-', '-', '2018-12-23'),
(112, '05 ', '-', '-', '-', '-', '-', '-', '-', '-', '-', '-', '-', '-', '-', '2018-12-23'),
(113, '06 ', '-', '-', '-', '-', '-', '-', '-', '-', '-', '-', '-', '-', '-', '2018-12-23'),
(114, '07 ', '-', '-', '-', '-', '-', '-', '-', '-', '-', '-', '-', '-', '-', '2018-12-23'),
(115, '01 ', '-', '-', '-', '-', '-', '-', '-', '-', '-', '-', '-', '-', '-', '2018-12-13'),
(116, '02 ', '-', '-', '-', '-', '-', '-', '-', '-', '-', '-', '-', '-', '-', '2018-12-13'),
(117, '03 ', '-', '-', '-', '-', '-', '-', '-', '-', '-', '-', '-', '-', '-', '2018-12-13'),
(118, '04 ', '-', '-', '-', '-', '-', '-', '-', '-', '-', '-', '-', '-', '-', '2018-12-13'),
(119, '05 ', '-', '-', '-', '-', '-', '-', '-', '-', '-', '-', '-', '-', '-', '2018-12-13'),
(120, '06 ', '-', '-', '-', '-', '-', '-', '-', '-', '-', '-', '-', '-', '-', '2018-12-13'),
(121, '07 ', '-', '-', '-', '-', '-', '-', '-', '-', '-', '-', '-', '-', '-', '2018-12-13');

-- --------------------------------------------------------

--
-- Table structure for table `ruangan`
--

CREATE TABLE `ruangan` (
  `id_ruangan` varchar(10) NOT NULL,
  `nama_ruangan` varchar(100) NOT NULL,
  `jenis_ruangan` varchar(10) NOT NULL,
  `kapasitas` int(10) NOT NULL
) ENGINE=InnoDB DEFAULT CHARSET=latin1;

--
-- Dumping data for table `ruangan`
--

INSERT INTO `ruangan` (`id_ruangan`, `nama_ruangan`, `jenis_ruangan`, `kapasitas`) VALUES
('01', 'A2', 'biasa', 40),
('02', 'A3', 'LAB', 40),
('03', 'A4', 'biasa', 40),
('04', 'A1', 'biasa', 40),
('05', 'A6', 'LAB', 40),
('06', 'A5', 'biasa', 35),
('07', 'A7', 'LAB', 35);

-- --------------------------------------------------------

--
-- Table structure for table `user`
--

CREATE TABLE `user` (
  `id_user` varchar(10) NOT NULL,
  `pw_user` varchar(10) NOT NULL,
  `nama_user` varchar(100) NOT NULL,
  `jabatan_user` varchar(100) NOT NULL,
  `status_user` varchar(11) NOT NULL,
  `level` varchar(10) NOT NULL
) ENGINE=InnoDB DEFAULT CHARSET=latin1;

--
-- Dumping data for table `user`
--

INSERT INTO `user` (`id_user`, `pw_user`, `nama_user`, `jabatan_user`, `status_user`, `level`) VALUES
('2', '2', 'admin', 'admin', 'default', 'admin'),
('6706171025', 'yus123', 'yus', 'mahasiswa', 'sudah', 'peminjam'),
('6706174073', 'awee123', 'awee', 'mahasiswa', 'sudah', 'peminjam'),
('9', '9', 'bambang', 'mahasiswa', 'sudah', 'peminjam'),
('awe', '123', 'awe123', 'mahasiswa', 'sudah', 'peminjam'),
('z', '123', 'ada', 'mahasiswa', 'sudah', 'peminjam');

--
-- Indexes for dumped tables
--

--
-- Indexes for table `detail_peminjaman`
--
ALTER TABLE `detail_peminjaman`
  ADD PRIMARY KEY (`id_peminjaman`),
  ADD KEY `id_peminjam` (`id_peminjam`),
  ADD KEY `id_admin` (`id_admin`),
  ADD KEY `id_ruangan` (`id_ruangan`);

--
-- Indexes for table `detail_ruangan`
--
ALTER TABLE `detail_ruangan`
  ADD PRIMARY KEY (`id_detail`),
  ADD KEY `id_ruangan` (`id_ruangan`);

--
-- Indexes for table `ruangan`
--
ALTER TABLE `ruangan`
  ADD PRIMARY KEY (`id_ruangan`);

--
-- Indexes for table `user`
--
ALTER TABLE `user`
  ADD PRIMARY KEY (`id_user`);

--
-- AUTO_INCREMENT for dumped tables
--

--
-- AUTO_INCREMENT for table `detail_peminjaman`
--
ALTER TABLE `detail_peminjaman`
  MODIFY `id_peminjaman` int(10) NOT NULL AUTO_INCREMENT, AUTO_INCREMENT=122;

--
-- AUTO_INCREMENT for table `detail_ruangan`
--
ALTER TABLE `detail_ruangan`
  MODIFY `id_detail` int(11) NOT NULL AUTO_INCREMENT, AUTO_INCREMENT=122;

--
-- Constraints for dumped tables
--

--
-- Constraints for table `detail_peminjaman`
--
ALTER TABLE `detail_peminjaman`
  ADD CONSTRAINT `detail_peminjaman_ibfk_3` FOREIGN KEY (`id_ruangan`) REFERENCES `ruangan` (`id_ruangan`),
  ADD CONSTRAINT `detail_peminjaman_ibfk_4` FOREIGN KEY (`id_peminjam`) REFERENCES `user` (`id_user`),
  ADD CONSTRAINT `detail_peminjaman_ibfk_5` FOREIGN KEY (`id_admin`) REFERENCES `user` (`id_user`);

--
-- Constraints for table `detail_ruangan`
--
ALTER TABLE `detail_ruangan`
  ADD CONSTRAINT `detail_ruangan_ibfk_1` FOREIGN KEY (`id_ruangan`) REFERENCES `ruangan` (`id_ruangan`);
COMMIT;

/*!40101 SET CHARACTER_SET_CLIENT=@OLD_CHARACTER_SET_CLIENT */;
/*!40101 SET CHARACTER_SET_RESULTS=@OLD_CHARACTER_SET_RESULTS */;
/*!40101 SET COLLATION_CONNECTION=@OLD_COLLATION_CONNECTION */;
